<?xml version="1.0" encoding="UTF-8"?>
<addon id="plugin.carvanm.videoplaylist"
version="3.0.0"
name="My personal videos"
provider-name="carvanm">
<requires>
  <import addon="xbmc.python" version="3.0.0"/>
  <import addon="script.module.requests" version="2.9.1"/>
</requires>
<extension point="xbmc.python.pluginsource" library="main.py">
  <provides>video</provides>
</extension>
<extension point="xbmc.addon.metadata">
  <summary lang="en">Personal videos disk</summary>
  <description lang="en_GB">My personal mediaplayer</description>
  <disclaimer lang="en_GB">My videos</disclaimer>
  <assets>
    <icon>icon.png</icon>
    <fanart>fanart.jpg</fanart>
  </assets>
  <news>Updated with latest artwork metadata</news>
</extension>
</addon>
